<?xml version="1.0" encoding="UTF-8"?>
<!DOCTYPE mapper PUBLIC "-//mybatis.org//DTD Mapper 3.0//EN" "http://mybatis.org/dtd/mybatis-3-mapper.dtd">
<mapper namespace="com.example.mybatisplus.mapper.AdminMapper">

    <!-- 通用查询映射结果 -->
    <resultMap id="BaseResultMap" type="com.example.mybatisplus.model.domain.Admin">
        <id column="id" property="id" />
        <result column="loginName" property="loginName" />
        <result column="password" property="password" />
        <result column="lastLoginTime" property="lastLoginTime" />
        <result column="remark" property="remark" />
        <result column="role_type" property="roleType" />
    </resultMap>
    <select id="mySelectById" resultType="com.example.mybatisplus.model.domain.Admin">
        select * from admin where id = #{id}
    </select>
    <select id="pageList" resultType="com.example.mybatisplus.model.domain.Admin">
        select * from admin where loginName like "%${admin.loginName}%"
    </select>

</mapper>
