<?xml version="1.0" encoding="UTF-8"?>
<!DOCTYPE mapper PUBLIC "-//mybatis.org//DTD Mapper 3.0//EN" "http://mybatis.org/dtd/mybatis-3-mapper.dtd">
<mapper namespace="com.example.mybatisplus.mapper.ApplicationMapper">

    <!-- 通用查询映射结果 -->
    <resultMap id="BaseResultMap" type="com.example.mybatisplus.model.domain.Application">
        <id column="id" property="id" />
        <result column="sn" property="sn" />
        <result column="type" property="type" />
        <result column="description" property="description" />
        <result column="campus" property="campus" />
        <result column="building" property="building" />
        <result column="room_number" property="roomNumber" />
        <result column="counsellor_checked" property="counsellorChecked" />
        <result column="houseparent_checked" property="houseparentChecked" />
        <result column="progress" property="progress" />
        <result column="is_deleted" property="isDeleted" />
        <result column="create_time" property="createTime" />
        <result column="update_time" property="updateTime" />
    </resultMap>
    <update id="stateChange">
        update application set progress = "审核通过" where id = #{application.id}
    </update>
    <update id="stateChangeNo">
        update application set progress = "审核未通过" where id = #{application.id}
    </update>
    <update id="counsellorCheck">
        update application set counsellor_checked = 1 where id = #{application.id}
    </update>
    <update id="houseparentCheck">
        update application set houseparent_checked = 1 where id = #{application.id}
    </update>


</mapper>
