<?xml version="1.0" encoding="UTF-8"?>
<!DOCTYPE mapper PUBLIC "-//mybatis.org//DTD Mapper 3.0//EN" "http://mybatis.org/dtd/mybatis-3-mapper.dtd">
<mapper namespace="com.example.mybatisplus.mapper.BookMapper">

    <!-- 通用查询映射结果 -->
    <resultMap id="BaseResultMap" type="com.example.mybatisplus.model.domain.Book">
        <id column="id" property="id" />
        <result column="name" property="name" />
        <result column="price" property="price" />
        <result column="author" property="author" />
        <result column="creatorId" property="creatorId" />
        <result column="remark" property="remark" />
        <result column="url" property="url" />
    </resultMap>
    <!-- 重新建立映射关系 -->
    <resultMap id="BaseResultMapWithAdmin" type="com.example.mybatisplus.model.domain.Book" extends="BaseResultMap">
        <association property="admin" javaType="com.example.mybatisplus.model.domain.Admin">
            <id column="id" property="id" />
            <result column="loginName" property="loginName" />
            <result column="password" property="password" />
            <result column="lastLoginTime" property="lastLoginTime" />
            <result column="remark" property="remark" />
        </association>
    </resultMap>

    <select id="selectByIdWithAdmin" resultMap="BaseResultMapWithAdmin">
        SELECT *,admin.id AS aid, admin.remark AS aremark FROM book LEFT OUTER JOIN admin ON book.creatorId = admin.id WHERE book.id = 2
    </select>

    <insert id="myInsert">
        insert into book(name,author) values
        <foreach collection="list" item="x" separator=",">
            (#{x.name}, #{x.author})
        </foreach>
    </insert>
    <delete id="myDelete">
        delete from book where id in (
        <foreach collection="list" item="x" separator=",">
            #{x}
        </foreach>
        )
    </delete>
    <select id="mySelect" resultType="com.example.mybatisplus.model.domain.Book">
        select * from book
        <where>
            <if test="book.name != null and book.name != ''">
                and name = #{book.name}
            </if>
            <if test="book.author != null and book.author != ''">
                and author = #{book.author}
            </if>
            <if test="book.price != null">
                and price = #{book.price}
            </if>
        </where>
    </select>



</mapper>
