<?xml version="1.0" encoding="UTF-8"?>
<!DOCTYPE mapper PUBLIC "-//mybatis.org//DTD Mapper 3.0//EN" "http://mybatis.org/dtd/mybatis-3-mapper.dtd">
<mapper namespace="com.example.mybatisplus.mapper.CheckinMapper">

    <!-- 通用查询映射结果 -->
    <resultMap id="BaseResultMap" type="com.example.mybatisplus.model.domain.Checkin">
        <id column="id" property="id" />
        <result column="sn" property="sn" />
        <result column="room_id" property="roomId" />
        <result column="is_deleted" property="isDeleted" />
        <result column="create_time" property="createTime" />
        <result column="update_time" property="updateTime" />
    </resultMap>
    <update id="mydeleteById">
        update checkin set is_deleted = 1 where id = #{id}
    </update>
</mapper>
