<?xml version="1.0" encoding="UTF-8"?>
<!DOCTYPE mapper PUBLIC "-//mybatis.org//DTD Mapper 3.0//EN" "http://mybatis.org/dtd/mybatis-3-mapper.dtd">
<mapper namespace="com.example.mybatisplus.mapper.LogMapper">

    <!-- 通用查询映射结果 -->
    <resultMap id="BaseResultMap" type="com.example.mybatisplus.model.domain.Log">
        <id column="id" property="id" />
        <result column="app_id" property="appId" />
        <result column="approver_sn" property="approverSn" />
        <result column="result" property="result" />
        <result column="description" property="description" />
        <result column="is_deleted" property="isDeleted" />
        <result column="create_time" property="createTime" />
        <result column="update_time" property="updateTime" />
    </resultMap>
    <select id="getLog" resultType="com.example.mybatisplus.model.domain.Log">
        select * from log where app_id = #{appId}
    </select>

</mapper>
