<?xml version="1.0" encoding="UTF-8"?>
<!DOCTYPE mapper PUBLIC "-//mybatis.org//DTD Mapper 3.0//EN" "http://mybatis.org/dtd/mybatis-3-mapper.dtd">
<mapper namespace="com.example.mybatisplus.mapper.MaintainApplicationMapper">

    <!-- 通用查询映射结果 -->
    <resultMap id="BaseResultMap" type="com.example.mybatisplus.model.domain.MaintainApplication">
        <id column="id" property="id" />
        <result column="sn" property="sn" />
        <result column="description" property="description" />
        <result column="progress" property="progress" />
        <result column="phone" property="phone" />
        <result column="maintain_type" property="maintainType" />
        <result column="maintain_time" property="maintainTime" />
        <result column="address" property="address" />
        <result column="maintainer_sn" property="maintainerSn" />
        <result column="is_deleted" property="isDeleted" />
        <result column="create_time" property="createTime" />
        <result column="update_time" property="updateTime" />
    </resultMap>
    <select id="pageList1" resultType="com.example.mybatisplus.model.domain.MaintainApplication">
            select * from maintain_application where sn = #{user.sn}
    </select>
    <select id="pageList3" resultType="com.example.mybatisplus.model.domain.MaintainApplication">
            select * from maintain_application, room, checkin where
            room.houseparent_sn = #{user.sn}
            and room.id = checkin.room_id
            and checkin.sn = maintain_application.sn
    </select>
    <select id="getName" resultType="java.lang.Object">
        select name from user, maintain_application where
        maintain_application.id = #{applicationId}
        and maintain_application.maintainer_sn = user.sn
    </select>

</mapper>
