<?xml version="1.0" encoding="UTF-8"?>
<!DOCTYPE mapper PUBLIC "-//mybatis.org//DTD Mapper 3.0//EN" "http://mybatis.org/dtd/mybatis-3-mapper.dtd">
<mapper namespace="com.example.mybatisplus.mapper.MaintainRecordMapper">

    <!-- 通用查询映射结果 -->
    <resultMap id="BaseResultMap" type="com.example.mybatisplus.model.domain.MaintainRecord">
        <id column="id" property="id" />
        <result column="application_id" property="applicationId" />
        <result column="maintainer_sn" property="maintainerSn" />
        <result column="description" property="description" />
        <result column="status" property="status" />
        <result column="is_deleted" property="isDeleted" />
        <result column="create_time" property="createTime" />
        <result column="update_time" property="updateTime" />
    </resultMap>
    <select id="showList" resultType="com.example.mybatisplus.model.domain.MaintainRecord">
        select * from maintain_record where status = "等待维修"
        and maintainer_sn = #{user.sn}
    </select>
    <select id="showHistoryList" resultType="com.example.mybatisplus.model.domain.MaintainRecord">
        select * from maintain_record where status = "维修完成"
        and maintainer_sn = #{user.sn}
    </select>
    <select id="getName" resultType="java.lang.Object">
        select name from user, maintain_record where
        maintain_record.application_id = #{applicationId}
        and maintain_record.maintainer_sn = user.sn
    </select>

</mapper>
