<?xml version="1.0" encoding="UTF-8"?>
<!DOCTYPE mapper PUBLIC "-//mybatis.org//DTD Mapper 3.0//EN" "http://mybatis.org/dtd/mybatis-3-mapper.dtd">
<mapper namespace="com.example.mybatisplus.mapper.RoomMapper">

    <!-- 通用查询映射结果 -->
    <resultMap id="BaseResultMap" type="com.example.mybatisplus.model.domain.Room">
        <id column="id" property="id" />
        <result column="campus" property="campus" />
        <result column="building" property="building" />
        <result column="floor" property="floor" />
        <result column="room_number" property="roomNumber" />
        <result column="size" property="size" />
        <result column="gender" property="gender" />
        <result column="rent" property="rent" />
        <result column="houseparent_sn" property="houseparentSn" />
        <result column="is_deleted" property="isDeleted" />
        <result column="create_time" property="createTime" />
        <result column="update_time" property="updateTime" />
    </resultMap>
    <update id="mydeleteById">
        update room set is_deleted = 1 where id = #{id}
    </update>
    <update id="mydeleteByIds">
        update room set is_deleted = 1 where id in (
        <foreach collection="ids" item="x" separator=",">
            #{x}
        </foreach>
        )
    </update>

</mapper>
