<?xml version="1.0" encoding="UTF-8"?>
<!DOCTYPE mapper PUBLIC "-//mybatis.org//DTD Mapper 3.0//EN" "http://mybatis.org/dtd/mybatis-3-mapper.dtd">
<mapper namespace="com.example.mybatisplus.mapper.SanitationRecordMapper">

    <!-- 通用查询映射结果 -->
    <resultMap id="BaseResultMap" type="com.example.mybatisplus.model.domain.SanitationRecord">
        <id column="id" property="id" />
        <result column="room_id" property="roomId" />
        <!--<result column="date" property="date" />-->
        <result column="people_sn" property="peopleSn" />
        <result column="score" property="score" />
        <result column="is_deleted" property="isDeleted" />
        <result column="create_time" property="createTime" />
        <result column="update_time" property="updateTime" />
        <result column="room_score" property="roomScore" />
        <result column="balcony_score" property="balconyScore" />
        <result column="toilet_score" property="toiletScore" />
        <result column="week" property="week" />
    </resultMap>
    <update id="myDeleteById">
        update sanitation_record set is_deleted = 1 where id = #{id}
    </update>
    <select id="pageList1" resultType="com.example.mybatisplus.model.domain.SanitationRecord">
        select * from checkin,sanitation_record where checkin.sn = #{user.sn}
        and checkin.room_id = sanitation_record.room_id
    </select>
    <select id="pageList3" resultType="com.example.mybatisplus.model.domain.SanitationRecord">
        select * from sanitation_record
        where sanitation_record.people_sn = #{user.sn}
    </select>
    <select id="selectByRoomId" resultType="com.example.mybatisplus.model.domain.SanitationRecord">
        select * from sanitation_record where room_id = #{roomId}
    </select>
    <!--<select id=""/>-->

</mapper>
