<?xml version="1.0" encoding="UTF-8"?>
<!DOCTYPE mapper PUBLIC "-//mybatis.org//DTD Mapper 3.0//EN" "http://mybatis.org/dtd/mybatis-3-mapper.dtd">
<mapper namespace="com.example.mybatisplus.mapper.UserMapper">

    <!-- 通用查询映射结果 -->
    <resultMap id="BaseResultMap" type="com.example.mybatisplus.model.domain.User">
        <id column="id" property="id" />
        <result column="sn" property="sn" />
        <result column="password" property="password" />
        <result column="name" property="name" />
        <result column="grade" property="grade" />
        <result column="gender" property="gender" />
        <result column="college" property="college" />
        <result column="counsellor_sn" property="counsellorSn" />
        <result column="phone" property="phone" />
        <result column="role_type" property="roleType" />
        <result column="is_deleted" property="isDeleted" />
        <result column="create_time" property="createTime" />
        <result column="update_time" property="updateTime" />
    </resultMap>
    <update id="mydeleteById">
        update user set is_deleted = 1 where id = #{id}
    </update>
    <update id="mydeleteByIds">
        update user set is_deleted = 1 where id in (
        <foreach collection="ids" item="x" separator=",">
            #{x}
        </foreach>
        )
    </update>
    <select id="getHouseparentSn" resultType="java.lang.Object">
        select houseparent_sn from checkin, room where checkin.sn = #{sn} and checkin.room_id = room.id
    </select>
    <select id="counsellorGetApplicationList" resultType="com.example.mybatisplus.model.domain.Application">
        select application.* from user, application where
        user.counsellor_sn = #{sn}
        and application.sn = user.sn
        and application.counsellor_checked = 0
    </select>
    <select id="houseparentGetApplicationList" resultType="com.example.mybatisplus.model.domain.Application">
        select application.* from room, checkin, application where
        room.houseparent_sn = #{sn}
        and room.id = checkin.room_id
        and checkin.sn = application.sn
        and application.counsellor_checked = 1
        and application.houseparent_checked = 0
        and application.progress != "审核未通过"
    </select>

</mapper>
