<?xml version="1.0" encoding="UTF-8"?>
<!DOCTYPE mapper PUBLIC "-//mybatis.org//DTD Mapper 3.0//EN" "http://mybatis.org/dtd/mybatis-3-mapper.dtd">
<mapper namespace="com.example.mybatisplus.mapper.ViolateRecordMapper">

    <!-- 通用查询映射结果 -->
    <resultMap id="BaseResultMap" type="com.example.mybatisplus.model.domain.ViolateRecord">
        <id column="id" property="id" />
        <result column="room_id" property="roomId" />
        <result column="date" property="date" />
        <result column="content" property="content" />
        <result column="punishment" property="punishment" />
        <result column="houseparent_sn" property="houseparentSn" />
        <result column="is_deleted" property="isDeleted" />
        <result column="create_time" property="createTime" />
        <result column="update_time" property="updateTime" />
    </resultMap>
    <update id="myDeleteById">
        update violate_record set is_deleted = 1 where id = #{id}
    </update>
    <select id="pageList1" resultType="com.example.mybatisplus.model.domain.ViolateRecord">
        select * from checkin,violate_record where checkin.sn = #{user.sn}
        and checkin.room_id = violate_record.room_id
    </select>
    <select id="pageList2" resultType="com.example.mybatisplus.model.domain.ViolateRecord">
        select * from checkin,user,violate_record
        where user.counsellor_sn = #{user.sn}
        and user.sn = checkin.sn
        and violate_record.room_id = checkin.room_id
    </select>
    <select id="pageList3" resultType="com.example.mybatisplus.model.domain.ViolateRecord">
        select * from violate_record
        where violate_record.houseparent_sn = #{user.sn}
    </select>
    <select id="selectByRoomId" resultType="com.example.mybatisplus.model.domain.ViolateRecord">
        select * from violate_record where room_id = #{roomId}
    </select>

</mapper>
